dataset,algorithm,run,total_distance,total_cost,time_sec,violation_count,total_lateness
c101,EDF,1,1677.7013994588065,2925677.701399459,446.36310029029846,0,0.0
c101,EDF,2,1677.7013994588065,2925677.7013994586,429.857088804245,0,0.0
c102,EDF,1,1548.7447193238327,2156548.7447193232,593.2604525089264,0,0.0
c102,EDF,2,1548.7447193238327,2156548.7447193237,463.2007496356964,0,0.0
