dataset,algorithm,run,total_distance,total_cost,time_sec,violation_count,total_lateness
c101,SA,1,4565.3942771807515,9065565.39427718,771.8742961883545,12,297.0
c101,SA,2,4534.166569423634,485534.1665694236,426.5614855289459,2,29.0
c101,EDF,1,1677.7013994588065,2925677.701399459,609.8211414813995,0,0.0
c101,EDF,2,1677.7013994588065,2925677.701399459,552.4219090938568,0,0.0
c102,SA,1,4487.022786150071,1842487.0227861502,243.87073278427124,4,78.0
c102,SA,2,929.3195900150877,929.3195900150877,159.02001285552979,0,0.0
c102,EDF,1,1548.7447193238327,2156548.7447193237,414.9773762226105,0,0.0
c102,EDF,2,1548.7447193238324,2156548.7447193237,760.0983037948608,0,0.0
